{
  "n_rows": 800,
  "male_win_rate_raw": 0.51875,
  "female_win_rate_raw": 0.48125,
  "male_win_rate_adjusted_profile_position": 0.5187499999999999,
  "female_win_rate_adjusted_profile_position": 0.48125000000000007
}