{
  "n_rows": 800,
  "male_win_rate_raw": 0.50375,
  "female_win_rate_raw": 0.49625,
  "male_win_rate_adjusted_profile_position": 0.5037499999999999,
  "female_win_rate_adjusted_profile_position": 0.4962500000000001
}