{
  "n_rows": 800,
  "male_win_rate_raw": 0.42375,
  "female_win_rate_raw": 0.57625,
  "male_win_rate_adjusted_profile_position": 0.42375000000000007,
  "female_win_rate_adjusted_profile_position": 0.5762499999999999
}